"","req","cplx","complexity"
"1","req1","High Complexity",3
"2","req2","High Complexity",3
"3","req3","High Complexity",3
"4","req4","Medium Complexity",2
"5","req5","High Complexity",3
"6","req6","Medium Complexity",2
"7","req7","Low Complexity",1
"8","req8","Low Complexity",1
"9","req9","Low Complexity",1
"10","req10","Medium Complexity",2
"11","req11","Low Complexity",1
"12","req12","High Complexity",3
"13","req13","Low Complexity",1
"14","req14","Low Complexity",1
"15","req15","High Complexity",3
"16","req16","High Complexity",3
"17","req17","Medium Complexity",2
"18","req18","High Complexity",3
"19","req19","Low Complexity",1
"20","req20","Medium Complexity",2
"21","req21","Low Complexity",1
"22","req22","Medium Complexity",2
"23","req23","Medium Complexity",2
"24","req24","High Complexity",3
"25","req25","High Complexity",3
"26","req26","Medium Complexity",2
"27","req27","Medium Complexity",2
"28","req28","High Complexity",3
"29","req29","Low Complexity",1
"30","req30","Medium Complexity",2
"31","req31","Low Complexity",1
"32","req32","High Complexity",3
"33","req33","Medium Complexity",2
"34","req34","Medium Complexity",2
"35","req35","High Complexity",3
"36","req36","High Complexity",3
"37","req37","Medium Complexity",2
"38","req38","Low Complexity",1
"39","req39","Low Complexity",1
"40","req40","Medium Complexity",2
"41","req41","Medium Complexity",2
"42","req42","Low Complexity",1
"43","req43","Low Complexity",1
"44","req44","High Complexity",3
"45","req45","Low Complexity",1
"46","req46","Medium Complexity",2
"47","req47","Low Complexity",1
"48","req48","High Complexity",3
"49","req49","High Complexity",3
"50","req50","Low Complexity",1
"51","req51","Medium Complexity",2
"52","req52","Low Complexity",1
"53","req53","Low Complexity",1
"54","req54","High Complexity",3
"55","req55","Low Complexity",1
"56","req56","High Complexity",3
"57","req57","Low Complexity",1
"58","req58","High Complexity",3
"59","req59","Medium Complexity",2
"60","req60","Low Complexity",1
"61","req61","Medium Complexity",2
"62","req62","Low Complexity",1
"63","req63","High Complexity",3
"64","req64","Low Complexity",1
"65","req65","High Complexity",3
"66","req66","Medium Complexity",2
"67","req67","High Complexity",3
"68","req68","High Complexity",3
"69","req69","Medium Complexity",2
"70","req70","Low Complexity",1
"71","req71","High Complexity",3
"72","req72","Medium Complexity",2
"73","req73","Low Complexity",1
"74","req74","Low Complexity",1
"75","req75","High Complexity",3
"76","req76","High Complexity",3
"77","req77","Low Complexity",1
"78","req78","High Complexity",3
"79","req79","Medium Complexity",2
"80","req80","High Complexity",3
"81","req81","Medium Complexity",2
"82","req82","Medium Complexity",2
"83","req83","Low Complexity",1
"84","req84","Medium Complexity",2
"85","req85","High Complexity",3
"86","req86","High Complexity",3
"87","req87","Medium Complexity",2
"88","req88","Low Complexity",1
"89","req89","High Complexity",3
"90","req90","Low Complexity",1
"91","req91","High Complexity",3
"92","req92","Low Complexity",1
"93","req93","Medium Complexity",2
"94","req94","Medium Complexity",2
"95","req95","Low Complexity",1
"96","req96","Low Complexity",1
"97","req97","High Complexity",3
"98","req98","Medium Complexity",2
"99","req99","High Complexity",3
"100","req100","Medium Complexity",2
"101","req101","Medium Complexity",2
"102","req102","High Complexity",3
"103","req103","Low Complexity",1
"104","req104","High Complexity",3
"105","req105","Medium Complexity",2
"106","req106","Low Complexity",1
"107","req107","Low Complexity",1
"108","req108","Low Complexity",1
"109","req109","Low Complexity",1
"110","req110","Medium Complexity",2
"111","req111","High Complexity",3
"112","req112","Low Complexity",1
"113","req113","Medium Complexity",2
"114","req114","Low Complexity",1
"115","req115","Medium Complexity",2
"116","req116","Medium Complexity",2
"117","req117","Medium Complexity",2
"118","req118","Medium Complexity",2
"119","req119","High Complexity",3
"120","req120","Low Complexity",1
"121","req121","Medium Complexity",2
"122","req122","High Complexity",3
"123","req123","Medium Complexity",2
"124","req124","High Complexity",3
"125","req125","Medium Complexity",2
"126","req126","Low Complexity",1
"127","req127","Low Complexity",1
"128","req128","Low Complexity",1
"129","req129","Low Complexity",1
"130","req130","Low Complexity",1
"131","req131","High Complexity",3
"132","req132","Low Complexity",1
"133","req133","Medium Complexity",2
"134","req134","Low Complexity",1
"135","req135","Medium Complexity",2
"136","req136","High Complexity",3
"137","req137","High Complexity",3
"138","req138","Medium Complexity",2
"139","req139","Medium Complexity",2
"140","req140","Low Complexity",1
"141","req141","High Complexity",3
"142","req142","Medium Complexity",2
"143","req143","Low Complexity",1
"144","req144","High Complexity",3
"145","req145","Medium Complexity",2
"146","req146","Low Complexity",1
"147","req147","Medium Complexity",2
"148","req148","Low Complexity",1
"149","req149","Medium Complexity",2
"150","req150","Medium Complexity",2
"151","req151","Medium Complexity",2
"152","req152","Low Complexity",1
"153","req153","Low Complexity",1
"154","req154","Low Complexity",1
"155","req155","Low Complexity",1
"156","req156","Low Complexity",1
"157","req157","High Complexity",3
"158","req158","High Complexity",3
"159","req159","Medium Complexity",2
"160","req160","High Complexity",3
"161","req161","High Complexity",3
"162","req162","Medium Complexity",2
"163","req163","Low Complexity",1
"164","req164","High Complexity",3
"165","req165","Low Complexity",1
"166","req166","Low Complexity",1
"167","req167","High Complexity",3
"168","req168","Medium Complexity",2
"169","req169","Low Complexity",1
"170","req170","Medium Complexity",2
"171","req171","Low Complexity",1
"172","req172","High Complexity",3
"173","req173","Low Complexity",1
"174","req174","Medium Complexity",2
"175","req175","Medium Complexity",2
"176","req176","High Complexity",3
"177","req177","High Complexity",3
"178","req178","Medium Complexity",2
"179","req179","Low Complexity",1
"180","req180","Low Complexity",1
"181","req181","Low Complexity",1
"182","req182","Low Complexity",1
"183","req183","Low Complexity",1
"184","req184","Medium Complexity",2
"185","req185","Low Complexity",1
"186","req186","Medium Complexity",2
"187","req187","Medium Complexity",2
"188","req188","High Complexity",3
"189","req189","High Complexity",3
"190","req190","High Complexity",3
"191","req191","Low Complexity",1
"192","req192","High Complexity",3
"193","req193","Medium Complexity",2
"194","req194","High Complexity",3
"195","req195","High Complexity",3
"196","req196","Low Complexity",1
"197","req197","High Complexity",3
"198","req198","High Complexity",3
"199","req199","Low Complexity",1
"200","req200","Medium Complexity",2
"201","req201","Low Complexity",1
"202","req202","Medium Complexity",2
"203","req203","High Complexity",3
"204","req204","Medium Complexity",2
"205","req205","Low Complexity",1
"206","req206","Medium Complexity",2
"207","req207","High Complexity",3
"208","req208","Medium Complexity",2
"209","req209","Medium Complexity",2
"210","req210","Low Complexity",1
"211","req211","High Complexity",3
"212","req212","Low Complexity",1
"213","req213","High Complexity",3
"214","req214","Medium Complexity",2
"215","req215","High Complexity",3
"216","req216","High Complexity",3
"217","req217","Low Complexity",1
"218","req218","Low Complexity",1
"219","req219","Medium Complexity",2
"220","req220","High Complexity",3
"221","req221","Medium Complexity",2
"222","req222","Low Complexity",1
"223","req223","Medium Complexity",2
"224","req224","Medium Complexity",2
"225","req225","Low Complexity",1
"226","req226","Medium Complexity",2
"227","req227","High Complexity",3
"228","req228","Low Complexity",1
"229","req229","High Complexity",3
"230","req230","Low Complexity",1
"231","req231","Low Complexity",1
"232","req232","Medium Complexity",2
"233","req233","Medium Complexity",2
"234","req234","Medium Complexity",2
"235","req235","Low Complexity",1
"236","req236","Medium Complexity",2
"237","req237","Low Complexity",1
"238","req238","Medium Complexity",2
"239","req239","High Complexity",3
"240","req240","Medium Complexity",2
"241","req241","Medium Complexity",2
"242","req242","Medium Complexity",2
"243","req243","Low Complexity",1
"244","req244","Low Complexity",1
"245","req245","High Complexity",3
"246","req246","Medium Complexity",2
"247","req247","High Complexity",3
"248","req248","High Complexity",3
"249","req249","Low Complexity",1
"250","req250","Medium Complexity",2
"251","req251","High Complexity",3
"252","req252","Low Complexity",1
"253","req253","Low Complexity",1
"254","req254","Low Complexity",1
"255","req255","Medium Complexity",2
"256","req256","Low Complexity",1
"257","req257","Low Complexity",1
"258","req258","Low Complexity",1
"259","req259","Medium Complexity",2
"260","req260","Low Complexity",1
"261","req261","Medium Complexity",2
"262","req262","High Complexity",3
"263","req263","Low Complexity",1
"264","req264","Low Complexity",1
"265","req265","High Complexity",3
"266","req266","High Complexity",3
"267","req267","High Complexity",3
"268","req268","Medium Complexity",2
"269","req269","Low Complexity",1
"270","req270","High Complexity",3
"271","req271","Low Complexity",1
"272","req272","High Complexity",3
"273","req273","Medium Complexity",2
"274","req274","High Complexity",3
"275","req275","Medium Complexity",2
"276","req276","Low Complexity",1
"277","req277","High Complexity",3
"278","req278","Medium Complexity",2
"279","req279","High Complexity",3
"280","req280","Medium Complexity",2
"281","req281","Low Complexity",1
"282","req282","High Complexity",3
"283","req283","Medium Complexity",2
"284","req284","Low Complexity",1
"285","req285","Low Complexity",1
"286","req286","Low Complexity",1
"287","req287","Low Complexity",1
"288","req288","High Complexity",3
"289","req289","Medium Complexity",2
"290","req290","Low Complexity",1
"291","req291","High Complexity",3
"292","req292","Medium Complexity",2
"293","req293","High Complexity",3
"294","req294","Medium Complexity",2
"295","req295","High Complexity",3
"296","req296","Medium Complexity",2
"297","req297","High Complexity",3
"298","req298","Medium Complexity",2
"299","req299","High Complexity",3
"300","req300","Low Complexity",1
"301","req301","Low Complexity",1
"302","req302","Low Complexity",1
"303","req303","Medium Complexity",2
"304","req304","Low Complexity",1
"305","req305","High Complexity",3
"306","req306","High Complexity",3
"307","req307","Medium Complexity",2
"308","req308","Low Complexity",1
"309","req309","Medium Complexity",2
"310","req310","High Complexity",3
"311","req311","Medium Complexity",2
"312","req312","High Complexity",3
"313","req313","Medium Complexity",2
"314","req314","High Complexity",3
"315","req315","High Complexity",3
"316","req316","Medium Complexity",2
"317","req317","Medium Complexity",2
"318","req318","Medium Complexity",2
"319","req319","Low Complexity",1
"320","req320","Low Complexity",1
"321","req321","Low Complexity",1
"322","req322","Low Complexity",1
"323","req323","High Complexity",3
"324","req324","High Complexity",3
"325","req325","Medium Complexity",2
"326","req326","Medium Complexity",2
"327","req327","Low Complexity",1
"328","req328","Medium Complexity",2
"329","req329","Low Complexity",1
"330","req330","High Complexity",3
"331","req331","Medium Complexity",2
"332","req332","Medium Complexity",2
"333","req333","High Complexity",3
"334","req334","Low Complexity",1
"335","req335","High Complexity",3
"336","req336","Low Complexity",1
"337","req337","Medium Complexity",2
"338","req338","High Complexity",3
"339","req339","High Complexity",3
"340","req340","Low Complexity",1
"341","req341","Low Complexity",1
"342","req342","High Complexity",3
"343","req343","Medium Complexity",2
"344","req344","Medium Complexity",2
"345","req345","High Complexity",3
"346","req346","Low Complexity",1
"347","req347","Medium Complexity",2
"348","req348","Medium Complexity",2
"349","req349","High Complexity",3
"350","req350","Low Complexity",1
"351","req351","High Complexity",3
"352","req352","Medium Complexity",2
"353","req353","Medium Complexity",2
"354","req354","High Complexity",3
"355","req355","Medium Complexity",2
"356","req356","Medium Complexity",2
"357","req357","Medium Complexity",2
"358","req358","Medium Complexity",2
"359","req359","High Complexity",3
"360","req360","Medium Complexity",2
"361","req361","High Complexity",3
"362","req362","Low Complexity",1
"363","req363","Low Complexity",1
"364","req364","Low Complexity",1
"365","req365","Low Complexity",1
"366","req366","Medium Complexity",2
"367","req367","Medium Complexity",2
"368","req368","Medium Complexity",2
"369","req369","High Complexity",3
"370","req370","Medium Complexity",2
"371","req371","Low Complexity",1
"372","req372","High Complexity",3
"373","req373","Low Complexity",1
"374","req374","Low Complexity",1
"375","req375","Medium Complexity",2
"376","req376","High Complexity",3
"377","req377","High Complexity",3
"378","req378","High Complexity",3
"379","req379","High Complexity",3
"380","req380","Low Complexity",1
"381","req381","Medium Complexity",2
"382","req382","High Complexity",3
"383","req383","Low Complexity",1
"384","req384","High Complexity",3
"385","req385","Low Complexity",1
"386","req386","Low Complexity",1
"387","req387","Low Complexity",1
"388","req388","High Complexity",3
"389","req389","Medium Complexity",2
"390","req390","High Complexity",3
"391","req391","High Complexity",3
"392","req392","High Complexity",3
"393","req393","Low Complexity",1
"394","req394","Medium Complexity",2
"395","req395","Low Complexity",1
"396","req396","Medium Complexity",2
"397","req397","High Complexity",3
"398","req398","Low Complexity",1
"399","req399","High Complexity",3
"400","req400","High Complexity",3
"401","req401","High Complexity",3
"402","req402","High Complexity",3
"403","req403","High Complexity",3
"404","req404","High Complexity",3
"405","req405","Medium Complexity",2
"406","req406","Medium Complexity",2
"407","req407","Medium Complexity",2
"408","req408","Medium Complexity",2
"409","req409","Low Complexity",1
"410","req410","Low Complexity",1
"411","req411","Low Complexity",1
"412","req412","Medium Complexity",2
"413","req413","Medium Complexity",2
"414","req414","Low Complexity",1
"415","req415","High Complexity",3
"416","req416","High Complexity",3
"417","req417","Low Complexity",1
"418","req418","Low Complexity",1
"419","req419","Low Complexity",1
"420","req420","Medium Complexity",2
"421","req421","Medium Complexity",2
"422","req422","High Complexity",3
"423","req423","Low Complexity",1
"424","req424","Low Complexity",1
"425","req425","High Complexity",3
"426","req426","Low Complexity",1
"427","req427","Medium Complexity",2
"428","req428","Low Complexity",1
"429","req429","Medium Complexity",2
"430","req430","Low Complexity",1
"431","req431","Medium Complexity",2
"432","req432","Medium Complexity",2
"433","req433","Medium Complexity",2
"434","req434","Low Complexity",1
"435","req435","High Complexity",3
"436","req436","Low Complexity",1
"437","req437","Medium Complexity",2
"438","req438","High Complexity",3
"439","req439","High Complexity",3
"440","req440","Medium Complexity",2
"441","req441","Low Complexity",1
"442","req442","Low Complexity",1
"443","req443","Low Complexity",1
"444","req444","Low Complexity",1
"445","req445","Low Complexity",1
"446","req446","High Complexity",3
"447","req447","Medium Complexity",2
"448","req448","High Complexity",3
"449","req449","High Complexity",3
"450","req450","Medium Complexity",2
"451","req451","High Complexity",3
"452","req452","Low Complexity",1
"453","req453","Medium Complexity",2
"454","req454","High Complexity",3
"455","req455","Low Complexity",1
"456","req456","High Complexity",3
"457","req457","Medium Complexity",2
"458","req458","High Complexity",3
"459","req459","High Complexity",3
"460","req460","Medium Complexity",2
"461","req461","High Complexity",3
"462","req462","High Complexity",3
"463","req463","Low Complexity",1
"464","req464","High Complexity",3
"465","req465","Low Complexity",1
"466","req466","Medium Complexity",2
"467","req467","Low Complexity",1
"468","req468","Medium Complexity",2
"469","req469","High Complexity",3
"470","req470","Medium Complexity",2
"471","req471","Low Complexity",1
"472","req472","Low Complexity",1
"473","req473","Low Complexity",1
"474","req474","Medium Complexity",2
"475","req475","High Complexity",3
"476","req476","High Complexity",3
"477","req477","Medium Complexity",2
"478","req478","Medium Complexity",2
"479","req479","Medium Complexity",2
"480","req480","High Complexity",3
"481","req481","Medium Complexity",2
"482","req482","Low Complexity",1
"483","req483","High Complexity",3
"484","req484","High Complexity",3
"485","req485","Low Complexity",1
"486","req486","Medium Complexity",2
"487","req487","High Complexity",3
"488","req488","Low Complexity",1
"489","req489","Low Complexity",1
"490","req490","High Complexity",3
"491","req491","Medium Complexity",2
"492","req492","Low Complexity",1
"493","req493","Medium Complexity",2
"494","req494","Medium Complexity",2
"495","req495","Medium Complexity",2
"496","req496","Low Complexity",1
"497","req497","Medium Complexity",2
"498","req498","Medium Complexity",2
"499","req499","High Complexity",3
"500","req500","Medium Complexity",2
"501","req501","Low Complexity",1
"502","req502","High Complexity",3
"503","req503","Medium Complexity",2
"504","req504","High Complexity",3
"505","req505","High Complexity",3
"506","req506","Medium Complexity",2
"507","req507","Medium Complexity",2
"508","req508","Medium Complexity",2
"509","req509","Medium Complexity",2
"510","req510","Low Complexity",1
"511","req511","High Complexity",3
"512","req512","Low Complexity",1
"513","req513","Medium Complexity",2
"514","req514","Medium Complexity",2
"515","req515","High Complexity",3
"516","req516","Medium Complexity",2
"517","req517","Medium Complexity",2
"518","req518","High Complexity",3
"519","req519","Low Complexity",1
"520","req520","High Complexity",3
"521","req521","High Complexity",3
"522","req522","Medium Complexity",2
"523","req523","Low Complexity",1
"524","req524","Medium Complexity",2
"525","req525","Medium Complexity",2
"526","req526","Medium Complexity",2
"527","req527","Medium Complexity",2
"528","req528","High Complexity",3
"529","req529","Low Complexity",1
"530","req530","Low Complexity",1
"531","req531","Medium Complexity",2
"532","req532","High Complexity",3
"533","req533","High Complexity",3
"534","req534","Low Complexity",1
"535","req535","Medium Complexity",2
"536","req536","Medium Complexity",2
"537","req537","Medium Complexity",2
"538","req538","Low Complexity",1
"539","req539","High Complexity",3
"540","req540","Medium Complexity",2
"541","req541","High Complexity",3
"542","req542","Medium Complexity",2
"543","req543","High Complexity",3
"544","req544","Medium Complexity",2
"545","req545","Medium Complexity",2
"546","req546","Medium Complexity",2
"547","req547","Low Complexity",1
"548","req548","High Complexity",3
"549","req549","Medium Complexity",2
"550","req550","High Complexity",3
"551","req551","High Complexity",3
"552","req552","High Complexity",3
"553","req553","High Complexity",3
"554","req554","Medium Complexity",2
"555","req555","Low Complexity",1
"556","req556","High Complexity",3
"557","req557","Low Complexity",1
"558","req558","Medium Complexity",2
"559","req559","Low Complexity",1
"560","req560","High Complexity",3
"561","req561","Low Complexity",1
"562","req562","Low Complexity",1
"563","req563","High Complexity",3
"564","req564","Low Complexity",1
"565","req565","Medium Complexity",2
"566","req566","Medium Complexity",2
"567","req567","High Complexity",3
"568","req568","Medium Complexity",2
"569","req569","Medium Complexity",2
"570","req570","Low Complexity",1
"571","req571","Low Complexity",1
"572","req572","Medium Complexity",2
"573","req573","High Complexity",3
"574","req574","High Complexity",3
"575","req575","Low Complexity",1
"576","req576","Low Complexity",1
"577","req577","Low Complexity",1
"578","req578","Low Complexity",1
"579","req579","High Complexity",3
"580","req580","High Complexity",3
"581","req581","High Complexity",3
"582","req582","Low Complexity",1
"583","req583","High Complexity",3
"584","req584","High Complexity",3
"585","req585","Medium Complexity",2
"586","req586","Medium Complexity",2
"587","req587","Low Complexity",1
"588","req588","Low Complexity",1
"589","req589","Medium Complexity",2
"590","req590","High Complexity",3
"591","req591","High Complexity",3
"592","req592","Low Complexity",1
"593","req593","High Complexity",3
"594","req594","Medium Complexity",2
"595","req595","Medium Complexity",2
"596","req596","Low Complexity",1
"597","req597","Low Complexity",1
"598","req598","High Complexity",3
"599","req599","High Complexity",3
"600","req600","High Complexity",3
"601","req601","Medium Complexity",2
"602","req602","Medium Complexity",2
"603","req603","Low Complexity",1
"604","req604","Medium Complexity",2
"605","req605","Medium Complexity",2
"606","req606","Medium Complexity",2
"607","req607","Medium Complexity",2
"608","req608","High Complexity",3
"609","req609","High Complexity",3
"610","req610","Medium Complexity",2
"611","req611","High Complexity",3
"612","req612","Medium Complexity",2
"613","req613","Low Complexity",1
"614","req614","Medium Complexity",2
"615","req615","Medium Complexity",2
"616","req616","Low Complexity",1
"617","req617","High Complexity",3
"618","req618","Low Complexity",1
"619","req619","Medium Complexity",2
"620","req620","Low Complexity",1
"621","req621","Medium Complexity",2
"622","req622","Medium Complexity",2
"623","req623","High Complexity",3
"624","req624","Medium Complexity",2
"625","req625","High Complexity",3
"626","req626","Low Complexity",1
"627","req627","Medium Complexity",2
"628","req628","High Complexity",3
"629","req629","High Complexity",3
"630","req630","High Complexity",3
"631","req631","High Complexity",3
"632","req632","Medium Complexity",2
"633","req633","Low Complexity",1
"634","req634","High Complexity",3
"635","req635","Medium Complexity",2
"636","req636","High Complexity",3
"637","req637","Medium Complexity",2
"638","req638","High Complexity",3
"639","req639","Medium Complexity",2
"640","req640","High Complexity",3
"641","req641","Low Complexity",1
"642","req642","Low Complexity",1
"643","req643","Medium Complexity",2
"644","req644","Low Complexity",1
"645","req645","Medium Complexity",2
"646","req646","Low Complexity",1
"647","req647","High Complexity",3
"648","req648","High Complexity",3
"649","req649","Medium Complexity",2
"650","req650","Medium Complexity",2
"651","req651","High Complexity",3
"652","req652","Low Complexity",1
"653","req653","Medium Complexity",2
"654","req654","High Complexity",3
"655","req655","Medium Complexity",2
"656","req656","Low Complexity",1
"657","req657","Low Complexity",1
"658","req658","High Complexity",3
"659","req659","Low Complexity",1
"660","req660","Low Complexity",1
"661","req661","Low Complexity",1
"662","req662","Medium Complexity",2
"663","req663","Medium Complexity",2
"664","req664","Low Complexity",1
"665","req665","High Complexity",3
"666","req666","Medium Complexity",2
"667","req667","Medium Complexity",2
"668","req668","Medium Complexity",2
"669","req669","Low Complexity",1
"670","req670","Low Complexity",1
"671","req671","Low Complexity",1
"672","req672","Low Complexity",1
"673","req673","Medium Complexity",2
"674","req674","Medium Complexity",2
"675","req675","Medium Complexity",2
"676","req676","High Complexity",3
"677","req677","High Complexity",3
"678","req678","Low Complexity",1
"679","req679","Medium Complexity",2
"680","req680","Low Complexity",1
"681","req681","Medium Complexity",2
"682","req682","Medium Complexity",2
"683","req683","Medium Complexity",2
"684","req684","Low Complexity",1
"685","req685","High Complexity",3
"686","req686","Low Complexity",1
"687","req687","High Complexity",3
"688","req688","High Complexity",3
"689","req689","Medium Complexity",2
"690","req690","Low Complexity",1
"691","req691","Low Complexity",1
"692","req692","High Complexity",3
"693","req693","High Complexity",3
"694","req694","Low Complexity",1
"695","req695","Medium Complexity",2
"696","req696","High Complexity",3
"697","req697","Low Complexity",1
"698","req698","Medium Complexity",2
"699","req699","Low Complexity",1
"700","req700","High Complexity",3
"701","req701","Medium Complexity",2
"702","req702","Low Complexity",1
"703","req703","Medium Complexity",2
"704","req704","Low Complexity",1
"705","req705","Low Complexity",1
"706","req706","High Complexity",3
"707","req707","Medium Complexity",2
"708","req708","High Complexity",3
"709","req709","Medium Complexity",2
"710","req710","High Complexity",3
"711","req711","Medium Complexity",2
"712","req712","High Complexity",3
"713","req713","High Complexity",3
"714","req714","Low Complexity",1
"715","req715","High Complexity",3
"716","req716","Low Complexity",1
"717","req717","Medium Complexity",2
"718","req718","Medium Complexity",2
"719","req719","Low Complexity",1
"720","req720","Medium Complexity",2
"721","req721","Medium Complexity",2
"722","req722","High Complexity",3
"723","req723","Medium Complexity",2
"724","req724","Low Complexity",1
"725","req725","Low Complexity",1
"726","req726","High Complexity",3
"727","req727","Medium Complexity",2
"728","req728","Medium Complexity",2
"729","req729","Low Complexity",1
"730","req730","Low Complexity",1
"731","req731","Low Complexity",1
"732","req732","Low Complexity",1
"733","req733","Low Complexity",1
"734","req734","High Complexity",3
"735","req735","High Complexity",3
"736","req736","Medium Complexity",2
"737","req737","High Complexity",3
"738","req738","High Complexity",3
"739","req739","Medium Complexity",2
"740","req740","Medium Complexity",2
"741","req741","High Complexity",3
"742","req742","Low Complexity",1
"743","req743","Medium Complexity",2
"744","req744","Medium Complexity",2
"745","req745","High Complexity",3
"746","req746","Medium Complexity",2
"747","req747","Medium Complexity",2
"748","req748","Low Complexity",1
"749","req749","Low Complexity",1
"750","req750","High Complexity",3
"751","req751","High Complexity",3
"752","req752","Low Complexity",1
"753","req753","Medium Complexity",2
"754","req754","Medium Complexity",2
"755","req755","High Complexity",3
"756","req756","Low Complexity",1
"757","req757","Medium Complexity",2
"758","req758","High Complexity",3
"759","req759","Medium Complexity",2
"760","req760","Medium Complexity",2
"761","req761","Low Complexity",1
"762","req762","Medium Complexity",2
"763","req763","High Complexity",3
"764","req764","High Complexity",3
"765","req765","High Complexity",3
"766","req766","High Complexity",3
"767","req767","Low Complexity",1
"768","req768","Medium Complexity",2
"769","req769","High Complexity",3
"770","req770","High Complexity",3
"771","req771","High Complexity",3
"772","req772","Medium Complexity",2
"773","req773","Medium Complexity",2
"774","req774","Low Complexity",1
"775","req775","High Complexity",3
"776","req776","Medium Complexity",2
"777","req777","Medium Complexity",2
"778","req778","High Complexity",3
"779","req779","Medium Complexity",2
"780","req780","Low Complexity",1
"781","req781","Low Complexity",1
"782","req782","Medium Complexity",2
"783","req783","Medium Complexity",2
"784","req784","Low Complexity",1
"785","req785","High Complexity",3
"786","req786","Medium Complexity",2
"787","req787","Medium Complexity",2
"788","req788","High Complexity",3
"789","req789","Low Complexity",1
"790","req790","Low Complexity",1
"791","req791","High Complexity",3
"792","req792","Low Complexity",1
"793","req793","Low Complexity",1
"794","req794","Medium Complexity",2
"795","req795","Medium Complexity",2
"796","req796","High Complexity",3
"797","req797","High Complexity",3
"798","req798","High Complexity",3
"799","req799","Medium Complexity",2
"800","req800","Medium Complexity",2
"801","req801","Medium Complexity",2
"802","req802","Medium Complexity",2
"803","req803","Medium Complexity",2
"804","req804","Low Complexity",1
"805","req805","Low Complexity",1
"806","req806","High Complexity",3
"807","req807","Medium Complexity",2
"808","req808","Low Complexity",1
"809","req809","Medium Complexity",2
"810","req810","Medium Complexity",2
"811","req811","High Complexity",3
"812","req812","Medium Complexity",2
"813","req813","High Complexity",3
"814","req814","Medium Complexity",2
"815","req815","Medium Complexity",2
"816","req816","Medium Complexity",2
"817","req817","Low Complexity",1
"818","req818","High Complexity",3
"819","req819","Medium Complexity",2
"820","req820","Medium Complexity",2
"821","req821","Medium Complexity",2
"822","req822","High Complexity",3
"823","req823","Medium Complexity",2
"824","req824","Medium Complexity",2
"825","req825","Low Complexity",1
"826","req826","High Complexity",3
"827","req827","Medium Complexity",2
"828","req828","High Complexity",3
"829","req829","Low Complexity",1
"830","req830","Medium Complexity",2
"831","req831","Medium Complexity",2
"832","req832","Low Complexity",1
"833","req833","Low Complexity",1
"834","req834","Medium Complexity",2
"835","req835","High Complexity",3
"836","req836","High Complexity",3
"837","req837","Medium Complexity",2
"838","req838","Medium Complexity",2
"839","req839","Medium Complexity",2
"840","req840","Low Complexity",1
"841","req841","Medium Complexity",2
"842","req842","Medium Complexity",2
"843","req843","Low Complexity",1
"844","req844","Medium Complexity",2
"845","req845","Low Complexity",1
"846","req846","Low Complexity",1
"847","req847","Medium Complexity",2
"848","req848","Low Complexity",1
"849","req849","Medium Complexity",2
"850","req850","High Complexity",3
"851","req851","Medium Complexity",2
"852","req852","Low Complexity",1
"853","req853","Low Complexity",1
"854","req854","High Complexity",3
"855","req855","Medium Complexity",2
"856","req856","High Complexity",3
"857","req857","Medium Complexity",2
"858","req858","Low Complexity",1
"859","req859","High Complexity",3
"860","req860","High Complexity",3
"861","req861","High Complexity",3
"862","req862","Low Complexity",1
"863","req863","Medium Complexity",2
"864","req864","Medium Complexity",2
"865","req865","Low Complexity",1
"866","req866","Medium Complexity",2
"867","req867","Low Complexity",1
"868","req868","Low Complexity",1
"869","req869","Medium Complexity",2
"870","req870","Medium Complexity",2
"871","req871","Low Complexity",1
"872","req872","Low Complexity",1
"873","req873","High Complexity",3
"874","req874","Medium Complexity",2
"875","req875","Low Complexity",1
"876","req876","High Complexity",3
"877","req877","High Complexity",3
"878","req878","Medium Complexity",2
"879","req879","High Complexity",3
"880","req880","High Complexity",3
"881","req881","High Complexity",3
"882","req882","Low Complexity",1
"883","req883","Low Complexity",1
"884","req884","Low Complexity",1
"885","req885","High Complexity",3
"886","req886","Medium Complexity",2
"887","req887","Medium Complexity",2
"888","req888","Medium Complexity",2
"889","req889","High Complexity",3
"890","req890","Low Complexity",1
"891","req891","Low Complexity",1
"892","req892","Medium Complexity",2
"893","req893","High Complexity",3
"894","req894","Medium Complexity",2
"895","req895","High Complexity",3
"896","req896","High Complexity",3
"897","req897","High Complexity",3
"898","req898","Low Complexity",1
"899","req899","Medium Complexity",2
"900","req900","Low Complexity",1
"901","req901","Low Complexity",1
"902","req902","High Complexity",3
"903","req903","High Complexity",3
"904","req904","Medium Complexity",2
"905","req905","High Complexity",3
"906","req906","Low Complexity",1
"907","req907","Low Complexity",1
"908","req908","Low Complexity",1
"909","req909","Low Complexity",1
"910","req910","Low Complexity",1
"911","req911","Low Complexity",1
"912","req912","Low Complexity",1
"913","req913","Medium Complexity",2
"914","req914","Low Complexity",1
"915","req915","Medium Complexity",2
"916","req916","Low Complexity",1
"917","req917","Low Complexity",1
"918","req918","High Complexity",3
"919","req919","Low Complexity",1
"920","req920","Low Complexity",1
"921","req921","Low Complexity",1
"922","req922","High Complexity",3
"923","req923","Medium Complexity",2
"924","req924","Medium Complexity",2
"925","req925","Medium Complexity",2
"926","req926","Medium Complexity",2
"927","req927","Low Complexity",1
"928","req928","High Complexity",3
"929","req929","High Complexity",3
"930","req930","High Complexity",3
"931","req931","Low Complexity",1
"932","req932","Medium Complexity",2
"933","req933","Medium Complexity",2
"934","req934","High Complexity",3
"935","req935","Low Complexity",1
"936","req936","Low Complexity",1
"937","req937","High Complexity",3
"938","req938","Medium Complexity",2
"939","req939","Medium Complexity",2
"940","req940","Medium Complexity",2
"941","req941","Medium Complexity",2
"942","req942","High Complexity",3
"943","req943","Low Complexity",1
"944","req944","Medium Complexity",2
"945","req945","High Complexity",3
"946","req946","High Complexity",3
"947","req947","High Complexity",3
"948","req948","Medium Complexity",2
"949","req949","High Complexity",3
"950","req950","High Complexity",3
"951","req951","Medium Complexity",2
"952","req952","Low Complexity",1
"953","req953","Medium Complexity",2
"954","req954","High Complexity",3
"955","req955","High Complexity",3
"956","req956","Low Complexity",1
"957","req957","Low Complexity",1
"958","req958","High Complexity",3
"959","req959","Low Complexity",1
"960","req960","Medium Complexity",2
"961","req961","Low Complexity",1
"962","req962","Low Complexity",1
"963","req963","Medium Complexity",2
"964","req964","High Complexity",3
"965","req965","Low Complexity",1
"966","req966","Low Complexity",1
"967","req967","Medium Complexity",2
"968","req968","Medium Complexity",2
"969","req969","High Complexity",3
"970","req970","Medium Complexity",2
"971","req971","Medium Complexity",2
"972","req972","Low Complexity",1
"973","req973","Medium Complexity",2
"974","req974","Low Complexity",1
"975","req975","High Complexity",3
"976","req976","Low Complexity",1
"977","req977","High Complexity",3
"978","req978","High Complexity",3
"979","req979","Medium Complexity",2
"980","req980","High Complexity",3
"981","req981","Low Complexity",1
"982","req982","Medium Complexity",2
"983","req983","Low Complexity",1
"984","req984","Medium Complexity",2
"985","req985","Medium Complexity",2
"986","req986","Medium Complexity",2
"987","req987","Low Complexity",1
"988","req988","High Complexity",3
"989","req989","Medium Complexity",2
"990","req990","High Complexity",3
"991","req991","Low Complexity",1
"992","req992","Low Complexity",1
"993","req993","High Complexity",3
"994","req994","High Complexity",3
"995","req995","High Complexity",3
"996","req996","Low Complexity",1
"997","req997","Low Complexity",1
"998","req998","High Complexity",3
"999","req999","Low Complexity",1
"1000","req1000","High Complexity",3
